Payment_Type,Order_Count,Sales_Amount
Credit Card,10,306.0580453030461
Cash,34,491.4188970053288
Gift Card,5,451.3417809236654
Mobile Payment,18,802.6764441953527
Online Order,46,860.0064481223957
